Noël ,  cette période de l'année qui te rappelle que ta famille est détruite et qu'elle n'est plus soudée comme quand tu étais enfant .
Faut fêter noël les gens c'est important
Y a pas la magie de noël comme avant
Noël c’est dans 10 jours et y a aucune magie j’trouve
Jour 16 du Sha'lendrier de Noël   !  Place à ce superbe pack  !  Tous les jeux de l'année 2
Mes partiels du 20 et 22 décembre vous me cassez mon ambiance de Noël et par la même occasion vous me péter les couilles enfaite
Y a deux gars sur le balcon d'en face en train de fumer un joint dans des pull de Noel et en se dandinant sur des c
J'aime une vidéo   " TOP 3  -  Produits High - Tech à moins de 500€ pour Noël  !  "  à l'adresse
Ambroxol 2 comprimés 3x /j + Maxilase 1 cuillère à soupe avant les repas et ton pote sera rétabli pour Noël .
Suis allée pour mon épicerie de Noël chez Métro o  je dépense toujours beaucoup .  J'ai placé quelques effets dans mo
dans 10 jours c'est noël mais j'ai toujours l'impression que l'été c'étais hier .  .  .
je crois que je vais faire ma liste de noël avec que des concerts et des festivals  mdr
de figues au     et
Belle journée avec les familles du Département pour l’Arbre de Noël de la collectivité .  Un moment de
CONCOURS   !  ! GAGNE TA BOX STEAM  POUR PARTICIPER  :      + +
" IDÉE DÉCORATION DE NOEL EN 3D  !  + CONCOURS  :  Une impression 3D au choix à gagner  !  (Jour 2) "   :  via
Plus que 6 jours avant les  de Noël  !
Toi aussi tente de remporter  :    -  UNE PS4 SLIM  -  UN MICROS AM310  -  UN BOITIER D'ACQUISITION LGP
Moi toute l’année  :   J’ai besoin de ça .  Faudrais que je m’achète ça aussi .  Je n’ai plus de ça .  .  .   .  En décembre
Le soir de Noël ,  quand vous mettrez la table ,  n’oubliez pas de laisser une place libre ,  au cas o  un député viendra
Elle attend que tu deviennes Miss Hijabi
C'est plus Miss France c'est miss Trans wola on dirait un transsexuel bordel
Félicitations à Miss Nord - Pas - de - Calais  -
FÉLICITATIONS À MISS GUADELOUPE POUR CETTE VICTOIRE  !  !  !  LARGEMENT MÉRITÉE  !
Miss mtq s'est accroupie ,  t'as senti qu'elle a l'habitude de le faire sur abadgyalbambyyy
Certains regarde miss France et d’autre révise pour le devoir de méthodologie pour récolter une note < à 5 mdr la vie d’étudiant >>>>>>>
ça restera la miss france de nos cœurs  : ')
N'oubliez pas que demain sur des peuvent devenir Miss Monde  ! Allez les Bleues  !  !  !
en mémoire de Miss Lorraine ,  Justine Kamara . (elle est pas morte ,  c'est juste que j'accepte toujours pas qu'elle n
D'o  Miss Réunion est 4ème dauphine  ?  ?  Elle mérite d'être Miss Univers cette fille  !
Les noirs ils maronnent toujours pour l'élection de miss France  !  On peut rien y faire si les noires qui sont présentes ne sont pas belle  !
Election Miss Prison de Yaoundé dénommé Miss Langata . lolita Kamande , a été couronnée la plus belle femme à la priso
On me dit que la nouvelle Miss France est rousse .  Ils ont quand même pas élu  ?  ?  ?
miss nord pas de calais rousse ,  ed sheeran roux ,  la ville c’est chateauroux ,  les roux ils sont là ce soir
Je profite de ce moment pour vous rappelez à quel point Miss Lorraine aka Miss France de mon cœur était une frappe  !
Mais franchement la miss france 218 en vrai ils ont voulut nous filer l'incarnation d'une déesse gauloise
Pas possible miss France c’est la plus grosse blague de l’année ça
bravo à la nouvelle miss france
MISS NORD PAS DE CALAIS DE MON CUL OUAIS dsl jsuis pas d'accord
Les questions aux miss France Miss NPDC  :  il fait quel temps  ?  Miss champagne  :  ça va  ? Miss réunion  :  tu as faim
Château - roux .  .  .  Ed Sheraan .  .  .  Tout était joué d'avance .  .  .
La roux tourne .
miss nord pas de calais rousse ,  ed sheeran roux ,  la ville c’est chateauroux ,  les roux ils sont là ce soir
les gens qui critiquaient miss nord pas de calais bah les gars la roux à tourné
une rousse elue a chateauroux sur la music du chanteur roux ed sheeran yavait des indices qd mm
Si Miss Nord Pas De Calais est élue Miss France je me teins les cheveux en roux
On parle di rascisme des roux mais le rascisme envers les Corse on en parle pas  .  .  .
Ok la nouvelle miss France 2018 est rousse ,  Un roux a chanté et le tout s'est passé à Chateauroux ,  les roux vont pr
La nvl miss france a été seulement prise en roux de secours pcq elle est moche
L'élection était à ChateauROUX ,  dans le jury il y avait Anne ROUX - manoff ,  et c'est une Rousse qui a été élue . Bonne nuit
Ed Sheeran  :  rouxMaeva Coucke  :  rousseChâteauroux
HAHAHAHAHA CHÂTEAUROUX  -  ED SHÉPAQUOI  -  UNE ROUSSE  .  .  .  2018 c'est l'année du roux
Ce soir c'etait les roux a l'honneur mdrr
Tous les roux de France ils vont prendre la confiance mtn wouuah flemme
Insh la roux tourne
J’adore les roux normalement genre de dingue ,  mais là elle est jolie lui ,  mais y avait largement mieux dans le conc
Ce soir la roux a tournée
-  Ed Sheeran  -  Châteaux Roux -  Le maire s'appelle AverousSi la rousse du Nord Pas de Calais ne gagne pas ,  je com
La dame au cheveux roux a tellement d’audace .  J’invoque mes marabouts pour que le malheur lui tombe dessus
2018 c'est l'année du roux ,  après la miss France ,  De Bruyne va gagner le ballon d'or normalement
j’ai le cœur gelé je l’avoue ,  j’ai fait le deuil de l’amour car ça fait peur de près
Moi jvous dit mon prochain gars jv tellement le combler d’amour qu’il va me tej
Les amis je vous souhaite une bonne nuit et je fais pleins de bisous à mon ange d'amour un belle nu
Jurez c'est Phyliss des feu de l'amour votre Miss France  ?
Toi 5 fois mon amour
Ruben conseiller en amour 4 . 0
ma Taezal d'amour   je t'aime fort fort
0101 a mon bebe d amour
y’a rien de plus sincère que l’amour que j’ai pour Mel
Notre chanson mon bébé cactus te promet de toujours être la comme tu l'as toujours été pour moi mê
Je voudrais tellement avoir un petit copain . Avant je pensais jamais a cela mais grace au creek j'ai pris conscience
Je demande juste de l’honnêteté de la sincérité et un peu d’amour mais c’est trop demandé
J’espère mon année 2018 elle sera remplis d’amour ,  de joie et de bonne chose
+ le vrai Amour
Ce poème d’Octavio Paz c’est l’amour .  je l’aime trop .
15ans sépare ces 2photos mais la même envie et le même amour dans les yeux .  15ans pour passer de petit rappeur de d
1/  " Le condamné à mort " J .  GenetNous n'avions pas fini de nous parler d'amourNous n'avions pas fini de fumer nos gitanes
" Tes monuments hautains o  s’accrochent les brumes .  Tes dômes de métal qu’enflamme le soleil .  .  .  Tes magiques pavés
Correspondance Albert Camus - Maria Casares  :  lettres d’amour au grand jour
J adore cette veste mon amour
C'est un complot .  L'élection Miss France se déroule à ChateauROUX ,  Ed Sheeran performe et Miss France est rousse
Jcrois c tout les roux de france qui on voter
3 miss France 1 miss Univers bisous des consanguins
Si Miss Nord Pas De Calais est élue Miss France je me teins les cheveux en roux
Bravo à Miss France 2018 . C'est totalement mérité .
Les mecs j’ai une bonne technique de drague  :  Envoyez un sms à votre crush en disant   Tu passes à quelle heure ?
Miss france c’est le moment ou tu critiques n’importe quel défaut alors que tu ressembles a un sac poubelle
Oh ptn ptn ptn c’est une rousse notre miss france 2018
Bonne nuit et Miss Guadeloupe est miss France 2018
La jeune fille sur la photo est Inès Aurelie ,  une Camerounaise vivant à Perpignan en France ,  Dimanche dernier elle
Bien pour info je vais juste vous filer le nom de la gagnant de miss france 2018 !
Chaque année on nous fait vivre l’élection de Miss Nord - Pas - De - Calais   et ils oublient à chaque fois de montrer Mi
bravo à la nouvelle miss france
C'est Miss France ou le Bêtisier de Noël 2018  ?  ?  ?
Félicitations à Ed Sheeran pour son titre de Miss France ,  c’est mérité
Ptn notre miss France la on dirait une rouxmaine
La nouvelle Miss France est donc celle qui a parlé de  " crinière de lionne "  .  Et si le CSA lui retirait sa couronne ?
Choqué que Miss Ile de France soit seulement 2ème dauphine
Je suis noir ,  mon père est devenu roi des pirates à l'âge de 21ans et ma mère est la première femme à être première
Martine Landry ,  militante d’Amnesty International France est accusée de  " délit de solidarité " Il lui est reproché d
Jvoulais dire ça elles etaient grave banal
Parfois j'ai envie d'être une jolie femme .  Le plus souvent j'aimerais être un homme sexy et classe . Au final je ne
0 conv les soirs ça devient banal
Seychelles :  115 islands vs climate change
Perso miss idf etait banal pour moi .  La plus banal des 5 .
g l’impression les miss france ki sont élues elles st de + en + banal et deuspi
Elles n'étaient clairement pas au niveau surtout Champagne Ardennes ,  un banal .  .  j'en croise 5
Ptdr 4h d'émission et des millions d'€ dépensé pour avoir une femme banal/20
Alors changeons le mot banal en fade  , )
banal sans lui manquer de respect ,  ca perd de sa valeur ce truc
Déceptions sur déceptions c'est devenu banal
Ceux et celles qui ont passé 3h devant le concours pour au final voir une rousse banal soulevé la couronne
Un trajet banal ,  parcours fatal ,  drame local , stuppeur générale , consternation nationale suivi d'un bis - répétita ,  com
Que retenir de cette journée  -  le  et sa super star planétaire  domine toujours le monde  -  u
Perso j'la trouve banal de fou
C'est banal un jour de match
non sérieux j'ai peur en voiture ,  c pour cela que je ne conduis plus .  Raison un de mes meilleurs amis (mari de ma t
mdrrr obligé c'est les petits pépés qui ont votés de chez eux ,  elle est mignonne mais à côté il y avait largement mieux ,  vraiment banal
Tout a fait banal en europe de l'est
T'es trop un mec banal saczi mdrrr
Bravo Charlotte très heureux pour toi
Que c’est bon de se sentir vivant et heureux à ce point
Heureux d'être le Footballeur QD'OR de l'année 2017
Le gros soucis avec moi c’est que je vis dans les extrêmes c’est à dire que si je suis heureux je suis super heureu
J’te jure etre fan de Jul sa doit etre le feu il est la d’un coup a 5h du matin  nouvel gratuit la team Jul  avc
Trop heureux ,  ma Miss a gagné  !
inscrite le jour même ,  je ne pouvais pas ne pas te suivre  : ) Heureux hasard !
Certains commentaires sont abusés .  Soyez heureux de la miss qui nous représente non  ?  Au lieu de la dégringoler com
Encore heureux rien miss Reunion la graille
mes grand parenrs étaient contre la relation de mes parents ,  ils se sont quand même mariées en cachette mtn ils ont
Il n’y a pas d’amour heureux
Je viens tout juste de terminé le drama ERASED sur Netflix ,  véritable coup de coeur  !  Très heureux d'avoir une ada
Bravo a Ygritte pour Miss France 2018  !  John Snow est heureux
jme demande justin bieber il marche a quel drogue en tt cas il a l’air bien heureux ce con
ça vou arrive d'être heureux pr vos proches ou vou êtes vrmnt ravagés par la jalousie
Les radios la nuit c'est super breson ,  elles passent de la musique marque repère .  En fait vous voulez pas que je so
Je suis heureux ,  j'ai des idées
Il a dû ,  aux jours les plus heureux de sa vie ,  être une noble créature puisqu'il est ,  dans le malheur ,  si attirant et si aimable .
En ce moment j'ai trop cette humeur   " vide "  genre je ne suis pas heureux ,  pas triste ,  pas fâché ,  rien ,  je suis vide d'émotions
jihoon mon ange le + mignon je l'aime trop je veux le câliner j'espère il est très heureux
18 ans à Haubourdin (59)Disparu le jeudi 14 décembre 2017 à 18H30 .
" La première sélection à l'université est sociale "  Belle soirée Droit de Cité U à Lille 1
Après une courte nuit (fin de séance du CR à 4h15) ,  élection du Président de l’Université de
Le DFCO bat Lille sans trembler (3 - 0)  -  dfco . fr
Bien vu Lille   Ce soir dernière date de la tournée sur Rouen
16/12/2017Athletic Bilbao 0 - 0 Real SociedadEibar 2 - 1 ValenciaAtletico Madrid 1 - 0 Alaves 1 - 4 PSG
Les prochains matchs vont être super important .  Lille/Nice ,  Caen/Lille et Lille/Rennes .  .  .  des équipes prenables va
Lille  :  Il se déguise en père Noël et sème la panique en montrant son sexe dans la galerie marchande .
Heureusement ,  sur Youtube le concert de Lille est en entier ,  merci à la personne .  J'peux toujours le regarder comme
:  Un des jeunes percutés par un TER ,  hier soir près de  ,  a succombé à ses blessures .  Un autre est t
ÉCURITÉ  :  Quatre personnes ont été heurtées par un TER ,  ce vendredi soir près de  .  Trois se trouvent act
Et voilà ,  c’est   -  ce soir  merci à tous !
Mais wsh la miss nord pas de calais t'en croise d'en toute les rues de Lille c'est quoi ca zeubi
svp revenez à lille
Jerome ,  42 ans ,  SDF ,  Il a perdu son emploi suite à un accident .  Son enfant est en internat .   Sans logement ,  Jerome
Transports à la  Sortir de la gestion court - termiste .  Communiqué avec  .
le consulat d'Algérie de Lille et celui de Nanterre ils m'ont traumatisé
Coucou les amis ,  nous recherchons une école du Vieux - Lille pouvant accueillir une quarantaine d'élèves de cycle 3 p
Je serai lundi à  aux côtés des agents du CHU pour soutenir leur mouvement de grève .
Buteur face à ParisPasseur face à MonacoAdversaire préféré en L1 :  LyonDoublé face à SaintéPasseur à BordeauxBu
Par 3 fois ,  je suis allé demander à mon voisin de baisser la musique en lui disant  :    ok ,  on est jeudi mais je com
SA = POSSESSIFÇA = DÉMONSTRATIFCE = DÉMONSTRATIFSE = AVANT UN VERBEC'EST = CECI ESTCES = DÉMONSTRATIFSES = PO
J’ai pas la force d’aller les frapper ,  mais demain tqt pas jvais faire du bruit de ouf s’ils dorment
- il fait trop froid - mais t'es pas censé être un ours polaire  ?  ?  ?  - ouais mais wAllah l3adim c'est trop là
Jsuis pas venue dans un bar gay pour voir des mecs torse nu
Pas uniquement le 1 er soir  .  .  .  vous tenez bien la barre  .  .  .  continuez ainsi  .  .  .  vou
Mdr bloque la ,  ne touche aucune femme avant ton 9ème ballon d’or ,  faut pas prendre du retard comme Martial .
NON TROP C’EST TROP J’AI PASSÉ 3H DEVANT LA TÉLÉ POUR VOIR MISS NORD - PAS - DE - CALAIS GAGNER
Oh et bah moi c’est Junsu et toi jeune demoiselle  ?  Bah master ou pas je ne me trouve pas spécial mais c’est gentil quand même .
Pouaaahhaahah pas ma faute j'ai lu ici que ta langue ne servait pas uniquement à rapper donc
putain je ressemble pas à un arabe
C’était la pire miss france  :  -  pas de chute  -  Miss nord pas de calais a gagné  -  pas de chute  -  pas de chute
Maëva Coucke donne sa troisième couronne au Nord - Pas - de - Calais .
FRANCHEMENT SI MISS CORSE PASSE PAS C'EST LA GUERRE
MAIS ESH J'AI PAS REÇU LA NOTIFICATION .  Aaaaah ,   youtube je vais te tué  , ^ ,  je vais voir~
Y'a une meuf sur snap qui vient de me dire que mon gars me trompe avec elle alors que j'ai même pas de gars
Sachez que je ne reconnais pas la victoire de Miss Nord - pas - de - Calais .  Pour moi ,  il n'y a pas de Miss France en 2018 .  C'est tout .
-  Ed Sheeran  -  Châteaux Roux -  Le maire s'appelle AverousSi la rousse du Nord Pas de Calais ne gagne pas ,  je com
je force plus rien ,  tu veux me voir je suis la ,  tu veux pas me voir écoute tant pis
Ne te sous - estimes pas  .  .  .  un concours de beauté c'est fait pour élire la plus belle ,  Mais la nouv
12) obligé de lâcher un ptit déhanché sur cette chanson sinon t'as aucune âme
Ce moment o  je lis une fanfic à cause de et que ça cite une chanson qui me fait penser à  .  .
C'est ma chanson que je chante quand je suis seul  , _ ,
On est en 2017 mais je met encore les paroles d’une chanson que je connais pas dans YouTube
J'adore trop la musique du teaser chanbaek vraiment vraiment ,  ça me fait penser à une chanson que je connais d'ailleurs
J'avais totalement oublier que cette chanson elle existais
" Despacito "  ,  chanson de l'année 2017  ?    " Si l’enfer existe ,  il y a ce c *  *  qui chante à l’entrée  "   -
Il me chante une chanson yeux dans les yeux je ramasse mes organes qui se sont tapés une descente
En montant dans le metro cette nuit ,  des gars un peu pompette m'ont pris pour Jesus Christ .  Ils voulaient que je le
avalanches c’est MA chanson
98) alors jsp pq mais j'apprenais mes verbes irréguliers en anglais sur cette chanson (jugez pas mdr)
Perfect cette chanson est tellement sublime
J'ai marché vers le son blinded by the lights ,  j'ai cherché la même chanson my whole damn life ,  une symphonie 'bout
47) cette chanson + le clip ça mbrise le coeur
je te promets cette chanson me rend fragile
" Ouais cette année on voudrait parler de la condition féminine blabla "  et après les miss défilent sur  " swalla "  qui
Puis quand elle va parler de racisme ,  elle va être virée .  On conna t la chanson .
La chanson Baghi n3amar Ldar elle est archi marrante quand tu comprend bien les paroles
Voici une chanson que vous allez aimer  Flamme  -  Radio Edit de Sla
Je sais que t’aime pas .  .  .  .  .  mais qui ne tente rien n’a rien mon petit   Propose moi une autre chanson alors ,  une qu
jpay 10boul le kfc pour qu’il soit tout secos
Je me doute mddrr .  J’ai pas mis les pieds là bas depuis plusieurs mois et jsuis jamais allée au kfc de mantes
J'vais te saucer tel un KFC
Ah gros j’ai pas choisi  : (((( et j’avoue c d’la merde (sauf le kfc parait kya une bombe la bas  , )))
on fait peter le kfc ducoup
Imagenes Chistosas Kfc ==>
J'viens mais si on va o KFC avant
Macron il a fait l'ENA il a un QI à 3 chiffres il est président à 39 ans il fait son anniversaire à  ,  pas
J'ai taper un kfc dans le train en scred
il est 1h05 faut que je dise un truc j'aime pas le kfc
A décliner en chinois/burgerking/kfc etc etc
Quand juba o KFC il a dit Tkt chui pas a 1 ou 2 euro près
La dame a pensé à me prendre un kfc  .  .  Je l’aime
Jsuis oklm au kfc et la un mec dit a ses enfants :   " on dit merci qui " J'ai dit :   " merci jacquie et michel " Je crois q
t’as pas un kfc a aller engloutir  ?
Mdrrr ouuuuouuuu Maman je rentre du KFC
ferme ta gueule fils de pute j'ai ton nom ton prénom ton adresse jvais te retrouver et faire
qui s'installe enfin dans ma ville  !  !  !  !  !
C'est l'hiver  !  // Let it Snow !
C est une excellente pime ca .  .  .  vraiment beau .  .  au plaisir .  .
C’est réel
quand quelqu'un que j'aime pas me parle
Et les revoila
À toi qui protèges ,  à toi qui sauves ,  à toi qui t’es porté(e) volontaire ,  à toi qu’on ne remerciera jamais assez
Ya que dans mon lycée que tu vois ça
J'aime une vidéo   " JE RÉALISE LE RÊVE DE JHON RACHID (NORMAN) "  à l'adresse
Gregory Annoni dans  " Chroniques sexuelles d'une famille française "  .  .  .
Sophie Calle résume les annonces matrimoniales de 1895 à nos jours  :   " Ça commence avec  " pas pauvre "  ,  et ça se termi
Quand ton prof de latin sait que tu joues à Clash Royale et qu’il le met sur le bulletin
Cette video elle me met de bonne humeur
Booty exercises
Allé j'pleur
l'évolution de la France des années 60/70 à aujourd'hui .  d'une France française à une France islamisé dû à l'immigr
J'aime une vidéo   " SLAM "  à l'adresse
Moi quand Miss Guadeloupe a été éliminée
J'aime une vidéo   " Avicii  -  Lonely Together ft .  Rita Ora "  à l'adresse
Je veux le nouvel album de PNL c'est trop long
Bon le nouvel an approche je sais toujours pas ce que je fais .  .  .
ihi jfais nouvel an avec mon copain  : )
J’te jure etre fan de Jul sa doit etre le feu il est la d’un coup a 5h du matin  nouvel gratuit la team Jul  avc
Tex viré des  " Z'amours "  :  Lafesse dénonce le  " Nouvel Ordre Moral "  et appelle les comiques à se  " bouger le cul "
J’ai ni envie d’être à Noël ni au nouvel an
Je déteste quand j'suis tranquille en train d'écouter ma musique sur Spotify et là y a la pub rap français qui me d
Vivement le nouvel an  !
Oublions l'expansion ,  oublions les Coyotes .  Le nouvel espoir pour la ville de Québec  -  aussi mince soit - il  -  pourra
nouvel episode de Dynastie le 18 janvier
eh chu mor cha elle croit vrmt jv mettre d talons a nouvel an ,  dja jsp marcher droit pied nu alr avc d talons jv vite finir o urgence lol
c’est le nouvel acteur qui joue chewbacca deuis the force awakens  : )
Bon go demain matin je vais acheter mon compagnon pour le nouvel an .  .  bon ok c'est de la vodka black mais aussi là
Je suis le résultat d’une capote craquée au nouvel an
Gestan V15 NB12 est disponible  !  Un nouvel état comptable ,  qui ravira les assistantes comptabilité ,  et la gestion d
. présente son nouvel album  " Liberté chérie "
Demain 17/12/2017 à   :  Nouvel Appel à manifester de la diaspora 'enne en la mémoire des
Tu devrais rester là o  t'es pour le nouvel an
J'sent que le nouvel an je vais le passé solo chez moi
Cologne  :  Des bracelets   respect   pour les Allemandes afin   d’inviter   les migrants musulmans à ne pas les viol
Je regardais tout le temps
ben j’espère qu’il y restera pendant un bon bout de temps !
Mdrrrrr la Miss France la plus éclatée de tt les temps ,  j’suis chauve
Je ne sais si les FEMEN cultivent l'oxymore d'être en même temps pro - islam  !  ?  Cela leur ferait du bien de passer qu
Hunter x Hunter c’est top 3 meilleur animé de tout les temps en étant même pas à la moitié de l’histoire ,  c’est dire .
Appelle - moi plus tard ,  je n’ai plus le temps pour toi  m’avait - elle dit .
7 .  Y a pas de mal à se montrer de temps en temps égo ste tant qu'on abuse pas .
il est temps que tu maitrises la force
Les questions aux miss France Miss NPDC  :  il fait quel temps  ?  Miss champagne  :  ça va  ? Miss réunion  :  tu as faim
Mais comment on vas faire pour r'attraper le temps perdu pour le calendrier de l'avant  ?  (Sachant que bas
Les temps modernes :  L’homme au boulot ,  la femme au bistrot .
Jsuis tentée de chercher mes cadeaux de noël dans la maison mais en même temps j'aime trop les surprises  : ///
La cousine d'un Pote se battait contre le cancer ,  son mari la trompait pendant ce temps là .  .  .  il l'a quitté alors q
temps mieux pour vous alors gl imagos
Et pendant ce temps là on prend depuis le 1er octobre 5 €  dans la poche des  les plus pauvres du pays  !
Toujours une des meilleures séries comiques de tous les temps
C'est la vérité autant prendre ses jambes à son cou dès qu'on remarque certains comportements défaillants que de perdre son temps
J'ai crée twitter j'avais 15 ans je tweetais des  " a 20 ans comment j'aurais plus le temps pr les réseaux "  j'ai 20 a
Mdrr en même temps elle peut pas dire  en fait je suis dauphine mais comme la vrai miss est tatouée sé mwen ki la
a crié  " Guyaaaane "  comme si elle était à un concert de bad gyal Bamby .  Elle a pas le temps
FRANCHEMENT SI MISS CORSE PASSE PAS C'EST LA GUERRE 
A la fin dla journée comment il doit avoir le tourni sa mère
J’ai jeter mon tel ça grand - mère c quoi ce démon la
Encore les marocaines des USA nous nos marocaines elles ressemblent toute à Marwa Loud sa mère
Juiiii mort sa mere les développeurs s'en battent les couilles
- Y'a 0 ressemblance - Tous les ans les memes comparaisons - Ta mere la reine des salopes - Supprime
VOITURE VOLER  !  !  !  !  !  !  ! hier soir la mère à ma pote s’est faites voler sa voiture à bruxelles ,  il y a sa carte d’iden
Vous imaginez pas la rage que j'ai quand je mets ma fierté de coté pour quelqu'un à qui je tiens et que la personne
Bouge ta mere de mes mentions .
Ptn jure la vie de ta mere y a vraiment des gens qui achètent ces merdes
VOILAAAA C CE GENRE DE PEINE QUON VEUT POUR LES PEDOPHILES DE LEUR MERE LA PUTE EN FRANCE
Mon ptit frère il se fait engueuler par ma mère et il lui sort  t’as changé maman  MDRRRR IL A 5 ANS PTN
A la mère a Ray je suis fiancé
mon père s’était pointé à L’HÔPITAL avec des papiers de divorce alors que ma mère était en pleine chimiothérapie et
RTsi ds lsalon tn daron icouv 1oeuf h24 sou son cu bombé qd tu passe ke il te dit  " march doucemen ta mere la pute lpoussin ifait 1sieste la "
Brazzer's ,  ta grosse mère la pute y a fait des produits dérivés peut être qu'elle a fait des coques de téléphone
Ma mère m’a demandée  tu veux quoi pour Noël  ?   J ai dit de l après - shampoingBah quoi ?  j en ai plus
Ma grand mère elle regarde les miss elle est insupportable elle lache 100  regarde elle comment elle mange pas ell
Pour les 4 mois du décès de mon père ,  ma grand mère nous a apporté des vieilles photos de mes parents quand ils se
je viens de découvrir  Philippe ère  !  !  Bizarre le cinéma en France  !  Cette capacité à blacklister ou met
Moi depuis l'élection des Miss j'ai jamais vu une seule renois miss France c'est toujours les miss coulommiers ,  Mis
svp revenez à lille 
Y a pas la magie de noël comme avant 
Demain 17/12/2017 à   :  Nouvel Appel à manifester de la diaspora 'enne en la mémoire des Première personne à avoir compris en 4 mois haha  !  J'adore les atomes on va dire
Haha t’es verseau
Haha ,  excellent .
Ah j’sais pas hein .  .  .  moi je dirai unfollow + signalé haha
Mdrrr haha tu es un guerrier j’adore
haha tu t’es mis à skam
tu as tellement de courage a la souris haha  : ')
Hey !  J'aimerais votre avis sur ce que vous souhaiteriez voir appara tre dans ma boutique j'ai comblé ma promesse sur les mug haha next ?
IL L'A BIEN DANS L'OS MAINTENANT HAHA
-  Ines accepte tu de devenir ma kahba de chienne -  haha oui karim
La question que je me pose chaque nuit haha
A l’année prochaine haha c’est comique fdp  ?
Graaave haha j avais des palpitations
En vrai ça va ,  au touché ils sont pas plus secs ni rien ,  mais c'est vrai que la couleur en elle - même+l
c'est toi ça haha
Bah ça coûte plus cher je suppose haha
moi pas  :   on dirait Hatchiyak avec une tête d'asticot lol comme les vere de terre ds le corps de Buu l
JE VOUS AI ENVOYE A CHACUNE UNE LETTRE SAUF QUE JE ME SUIS TROMPEE ,  j'ai intervertit v
Haha moi je sais pas y a des années je regarde d'autres pas .  Plutôt par morceaux .  .  mais ça se voit l'aprè
- Y'a 0 ressemblance - Tous les ans les memes comparaisons - Ta mere la reine des salopes - Supprime 1
Je regardais tout le temps éU Ce soir on a évoqué l'idée d'une èveDesLoyers à  avec les étudiants en résidence s'il n'y a
La BU de lille1 qui ferme en période de partiels pour des raisons de sécurité ,  on aime on adore
2 membres du dans l'équipe présidentielle présidée par  çoisOlivierSeys élu
Et pour ceux d'entre vous qui n'ont pas encore écouté  :
Les podcasts sont gratuitset disponibles pendant 8 semaines  :  - )
Échéance 25/02/18 pour         ou
Groupe travail CARRE'Performance :  reflexions techniques sur changement - déréglement cli
Les membres du fêtent la fin du semestre et l'arrivée prochaine des   !  le mardi 19/12 à l'
Nouvelle    éditée par sur   !  129 numéros 1963 - 2004 .  Les memb
en énagement  de l'Bravo  !
Oui carte illustrative 59 - 62 manque celle de Picardie  ,  - )
les hauts de France c'est 5 départements non  ?
N'hésitez pas à consulter notre plateforme en ligne é pour réviser à partir de sujets d'examen ou en consultant
L'lance son prix annuel d’excellence en édagogique .  10 prix de 5000€ chacun récompenseront l
Jean - Christophe Camart souligne l'importance d'une université en phase avec les évolutions rapides du monde socio - é
Une université actrice de son écosystème ,  favorisant les innovations et le développement socio - économique du territ
Une université européenne ouverte sur l'international ,  qui accueille des scientifiques et étudiants étrangers dans
Une politique de formation tout au long de la vie qui valorise et accompagne les enseignants dans leur investisseme
Une politique de recherche équitable ,  de soutien aux projets de différents acteurs ,  pour continuer de développer nos différentes excellences
Traduction  :  Au concert de BigFlo et Oli j'ai vu un gars avec un bonnet Scok .
jule repsir par les NARINE
Super Jule
Mais mdrrr tsé il en parle a tte la mif sauf a moi mdr il s'attendait à quoi ?  Il voulait me le dire
Ah c'est bon Jule revient à la maison ?
" Let's play AC origins Episode 15 Jule césars 1er partie "   :  via
Leia à Luke ( ils ne se sont pas vus depuis des lustres)  oui , j’ai changé de coiffure
Suis - je le seul à avoir un souci avec la (non) relation entre Leia et Kylo ,  expédiée d'un  " oh tu sais ,  il est mort pour moi "  ?
Danke mois
Retrouvez moi ce soir sur pour l'élection de   ! Je compte sur vous :  Votez pour moi  !
Tout pareil
Elles sont o  les critiques de  qu'il faut lire à tout prix  ?  Merci  : )
Et puis se plaindre encore des dropshot dans un FPS en 2017 .  .  .  Le probl
Hein  ?  pas du tout c'est un type de reddit qui a proposer ca pour nerfer les dropshot ,  rien de vrai .
.  .  Jule sur Arte hier  .  .  : ) dans le  , )
Info Reddit non officiel pour le moment
Normallement c’est vrai mais bon après je sais pas ^^
Info officielles  ?  Ça pue le fake a plein nez
Dernier week - end pour participer à la campagne de notre série (Cam)girl Next Door .  Dimanche 20h ,  il se
J'suis content que j'ai enfin trouvé mon fameux tremplin pour vraiment sortir de YouTube ,  j'compte vraiment en prof
:   " Déçu si je mets pas 20 buts  ?  Non ,  pas du tout .  Tant que l'équipe se qualifie pour la Ligue des champi
Ronaldo  :   " Être le meilleur buteur de la Coupe du Monde des clubs  ?  Je suis très heureux .  C'est quelque chose qui m
Raoé jui content que tu te soit pété le bide alors
H3h3 content
L'année dernière c'était une black vous étiez pas content cette année c'est une rousse vous êtes pas content allez
C'est bien Aude on est content  : )
-  T'as vu Kim Kardashian  ?  -  ouais .  -  t'étais content  ?  -  très content .
content que tu sois d’accord et j’apprécie par ailleurs ta propagande anti Seigneur des anneaux
J'étais bien content de gérer une pool du last call ahah
Hyper content d'avoir reçu ce magnifique coffret de
T ES PAS CONTENT ?  CASSE TOI VIVE LA FRANCE
Le Nord - Pas - De - Calais ils doivent tous être content ,  ça sent la soirée incestueuse ce soir
J'étais content de l'inauguration de l'AIBD ,  à la fois festive et solennelle .  Je me disais bien qu'il y avait des r
Très content de vous présenter le documentaire  " Double Vie "  réalisé par Hugo Bembi et disponible sur dè
J'SUIS PAS CONTENT  !    :  Black Friday ,  Brigitte le Panda & Bilderberg  !  via
Il y a encore beaucoup ,  beaucoup de travail à faire .  .  .  !  Les Québécois - e - s consomment de +en+ de diesel et essence ,
jsuis obligée de télécharger des concerts japonais d'ikon tellement on a zéro kr content
J'SUIS PAS CONTENT  !    :  Chasse aux SDF ,  Paradis Fiscaux et Joyeux No .  .  .  via
Je vais niquer ce soir je suis trop content
Genre mon ménisque gauche yst mort ,  mon poignet gauche aussi à cause de chutes à cheval mdr c mignon les poneys
jveux des message mignon en me réveillant demain svpp
si jamais quelqu’un a une folle envie de m’envoyer un message (même pas mignon hein) cette nuit histoire d’avoir de
Hetero 19 ans boxeur   branle   insulte à sa meuf       petit léchage de son jus un régal .  Cadeau d'une fan merci .
Mignon petit toutou
là on rigole mais quand on va créer une véritable société réservé aux mecs petit & mignon et qu'on sera 1 m
Je vois les mecs qui mettent leur copine en story etc etc je trouve ça trop mignon
Ptddr je sais pas je l’ai mis psq il est mignon
Le plus mignon
cool ma mignon
Il est bcp trop mignonWlh il mfait cqu'il veut
juste 1 message mignon le matin que tu mets 10 minutes à lire et que tu relis plusieurs fois tellement c'est touchant ,  ça c'est une surprise
MERCI  !  Être timide c'est mignon mais troop c'est nul
jamie avec son masque il est mignon je pleure
Mais oui ,  on te conna t Petit Belge ,  lutin facétieux et gentil tout mignon  !    Vive la Belgique    !
FILÉ MIGNON HINO
la réaction de cet orang - outan face à un tour de magie c'est trop mignon
A costela ,  filé mignon foi total desne
lujipeka t’es vraiment trop mignon
être moche c'est trop injuste quelqu'un de mignon pète tu deviens le premier suspect
L'année dernière c'était une black vous étiez pas content cette année c'est une rousse vous êtes pas content allez 
C'est bien Aude on est content  : ) 
Demain 17/12/2017 à   :  Nouvel Appel à manifester de la diaspora 'enne en la mémoire des 
Je jure que ma meuf est 70000x plus belle que miss France je juuuuure
Belle soirée au Val de Leysse .  .  .  Une équipe comme ça je valide
Rousse ou pas ,  miss Corse était nettementplus belle
Iris mittenaere c’est vraiment la plus belle femme au monde .
Ce lien que j'ai avec vous personne ne me l'enlèvera .  .  . c'est la plus belle chose que m'ait apporté ce métier .  .  . love u guys .  .  . vous me comblez
C’était ma plus belle fête de toute ma vie  = mission accomplie
omg c’est vrai qu’elle était si belle miss france 2017 ,  je m’en souvenais plus
Je vous souhaite à tous d'avoir une relation aussi belle avec votre père .  Dans la famille tout le monde nous appell
L'année dernière entre les tweets racistes et les déçus qui ne l'a trouvé pas belle ,  Alicia Aylies s'e
est élue parce que belle mais la Vierge Marie est belle parce qu’élue ée
J'suis pas narcissique mais j'suis grv une belle création de Dieu
ymane va tpresenter à miss france t plus belle ke tte celle ki son présente
Astronomie  :  la plus belle nébuleuse du ciel
Miss Guadeloupe est tellement belle que j'ai envie de transformer mon compte Twitter en fan account
La plus belle voix du monde  est à   pour son   Concert .  Bonne chan
Ptn j'arrive pas à y croire  !  dites vous que c'est elle la plus belle femme de France
L’inacceptable taxe  Hydro - électrique   -  Le gouvernement Couillard rate ici une belle occasion de corriger un histo
Belle nuit TOUS   Joli Tweet  j'adore  À vite  PS  : Vous pouvez m'offrir les 3 hein ,  abondance d
En mode tu te voiles pour être plus belle
Ce soir ,  le chanté Noël de l'Akademiduka sur la place de l'hôtel de ville de Pointe - à - Pitre .  Belle ambiance .  .  .  .  .  .  .
Té ngua ma bayi ma cool souma commencé ba dieul niarél alors que t'en es encore a tes premiers fiancailles dina tarr deh
C la ou g passé mes vancances d'hiver qd j'étais gamin ,  les gens étaient vraiment cool ca me manque
ce live était super cool ,  mais ça m'a fait louper le défilé des miss .  heureusement que je m'en tartine la raie mdr
Mais je trouve que le ciné est aussi un outil pour apprendre à conna tre ses enfants ,  pour appréhender à la cool de
Je bien ça a l'air fort cool   !
Tellement inattendu  !  Mais elles méritaient toutes donc cool
ahhhh ok cool
Jatribu la noT de 8/10 pr laccueil ct cOol
vraiment cool cette soirée
cool alors ,  ca me rassure
Comme sur Delivroo/Ubereats ,  ce serait cool de voir le déplacement des livreurs genre UPS/Chronopost/etc en direct
Cool je participe
Bon au moins on est sûre de ne pas gagner Miss Monde ou Miss Univers .  .  .  No suspense c’est plutôt cool
Cool et sinon quand est - ce que tu vas voir chez ta maman  ?
C'est cool d'être venu ,  à la prochaine les gars
M'en branle des miss ,  je n'ai pas regardé .  Parait qu'elle est rousse  ,  c'est cool ,  c'est beau une rousse .  .  .
Mdr jpensais ct cool la fac ,  mais g l'impression tt le monde veut me tuer
J1 :  l'avion c'est trop cool ,  les gens sont aimables et drôles ,  y a de la neige et on mange de la Poutine dans un bi
Que cool me la pase
Oh nooon vraiment dommage !  C'était peut - être un peu trop le bordel à l'entrée puis i
Je profite de ce moment pour vous rappelez à quel point Miss Lorraine aka Miss France de mon cœur était une frappe  !
" tu es jeune ,  profite de la vie et éclate toi "  mdrrr lycée  ?  ?  ?  ?  ?  parents  ?  ?  ?  ?  ?  argent  ?  ?  ?  ?  examens  ?  ?  ?  ?  ?
C'est la façon qu'à Macron de montrer sa compassion pour le peuple français qui crève peu à peu pendant qu'il profi
Je picolle pas donc non (certains amis ont bien profité) ,  mais le peu de cydre bu était bon .   , )
Dans le monde ,  depuis 1980 ,  les XX% les plus riches ont profité 2x plus de la croissance que les XX% les plus pauvr
la petite en bas de chez moi qui profite d’avoir d’avoir un megaphone pour donner les tickets gagnants a la tombola
arrêtez de vous mettre en couple pour combler un manque d'affection ,  vous allez vous abandonner à des personnes qui souvent profite de vous .
Messi qui dribble deux joueurs et qui en profite pour les convertir à l'islam .  Masha'allah
Joyeux anniversaire ma petite soeur .  Profite et que du bonheur .
Alors profite     Merci conscience
Quand dénonce l'article diffamatoire et calomnieux d'un journaliste (récidiviste) du
qu’est ce qu’une pizza qui profite à fond de la vie ?  une pizzayoloà bal pour diffuser l’humour
en plus j'ai rien encore trouvé a faire ce soir pour profité avant demain
Ehhhh Joyeux Anniversaire Profite c'est ton jour
Aujourd'hui c'est ton birthday !  Une année de plus  Ne change pas on t'aime tous très fort comme tu es e
Ce jeune homme humble ,  souriant ,  courtois et qui a la tête sur les épaules m’a ému .  est un magnifiqu
J'ai toujours pas rangé le canapéMais je crois que ça profite à quelqu'un .  .  .
Nous sommes en Decembre  .  .  . L'illumination de notre territoire commence , j'en profite pour vous souhaiter d 'excellen
En quoi j'en profite c'est de l'humour wow
N'en profite pas alors
J'ANNONCE LE RETOUR DE TIMOTHÉE SUR LES RÉSEAUX SOCIAUX . J'ANNONCE ,  STAR WARS VIII M'A FAIT JOUIR 34 . 5 FOIS DANS MON PANTALON .
Vivement ce soir que tu poses ta bouche sur mon sexe et que tu me lèches pendant des heures pour atteindre le 7eme
Oyé  !  Oyé  !  Gentes dames et gentils damoiseaux ,  notre bon roy va festoyer sise dans la demeure du lieu dit de Chamb
Nuit très coquine qui se profile à l'horizon  .  .  . Qui sera le prochain à me faire jouir .  .  .  ?
Asiatique se retient de jouir au téléphone
Quand je te dis de jouir tu obéis en général oui
Merci à mon maitre qui m'a autorisée à jouir dans ma bouche .  .  .  j'ai adoré
Tu ne peux pas vivre sans jouir
Quand je fais jouir et avec une CHATTE LEGENDAIRE  !  !  !  !
Viens que jte fasse jouir en DM BÉBÉ
* Ne te quitte pas des yeux et accélère mes coups de reins en frappant à plusieurs reprises ta prosta
CE SOIR 2 2 H 2 3 HSPÉCIAL  SHOW  LESBIEN  RÉSERVE TES  TOKEN  POUR GAGNER TON SHOW PRIVÉ ET FAIT NOUS
Donc pour jouir à titre PERSONNEL il lui faut ni plus ni moins qu’un magnifique château .  .  "   mais QUELLE MODESTIE ce
seleeeeeen ( comme tu cries mon nom lorsque je te fais rire/jouir )
C'est ta meuf que j'vais faire jouir le 3 janvier tu vas rien comprendre .
j'ai l'impression que apres dix ans sans avoir la chance de refaire l'amour  !  !  !  !  !  plus jamais j'aurai cette chance
Waouuuuu je t aurais pris ton Jolie petit cul ma chiennette en pointe levrette pour bien te pénétrer et
Mdr dans ma story il y a l'intro du concert de TPR ,  on entend Taylor jouir mdr vous êtes pas prêts
Sérieux les nouveaux voisins ils content le bordel ,  entre entendre la meuf jouir et les entendre gueuler en soirée
Le sien .  Je lui fais alors une merveilleuse fellation ,  très lente et très douce ,  la première que je
Vous vous rendez - compte que ça fait 4 matchs de suite que Dijon plante 3 buts à domicile  ?  Vous vous rendez - compt
VOTRE ATTENTION LES TWEETOS Une chose exceptionnelle c’est produite dans le nuit du samedi 16 décembre .  .  .  en effet
Hey t'es le chanteur préféré de ma mamie de 93 ans  !  T'as réussi à détrôner Franck Michael c'est fort !
Cela dit j'ai eu ma session zouk   et pour ca seulement ma soirée était réussi
Hit est plus fort que Goku ( plus depuis le UI ) il avait réussi à s'habituer à so
J’ai juré si Miss Nord Pas De Calais elle a réussi à être Miss France ça veut dire qu’on peut tous le devenir l’ann
Quelle honte mdr ils ont réussi à voter pour la moins belle des 4 c’est fort
Moix et Angot ont réussi à me rendre Garrido sympathique ,  c'est fort  !
mdrr bj a toi tu a réussi le test ,  tu deviens désormais hunter
Elle a réussi à casser un verre dans les toilettes
Les Hells ont bien réussi ,  eux .
Quand j’y pense y’a un mec qui à quand même fait un son à base de skibidi pap pap et qui a réussi à percer .  .  .  on es
J’ai réussi à brosser mes dents avant de dormir pcq ça me stresser trop
Ederson a réussi plus de passes (26) que Christian Eriksen (24) et Ali Dele (17) lors de Manchester City  -  Tottenha
Attention les chtis c'est une race qui monte en puissance ils ont réussi à faire gagner Chipeur Le Renard au concou
Et non on a déjà réussi à perdre malgré le pillage intensif pratiqué
La vie leur a arraché des larmes .  .  .  Mais elle n’a pas réussi à effacer leur sourire  .  .  .
C'est des saloperies ces machins ,  ils peuvent suivre leur proie pendant des jours .
J'ai pas encore réussi à voler
Cette saloprie de Yankee à cause de ça B il risque de faire éclater une guerre ce que l les sionistes n’avaient pas
