HH, Hollywood Hypocrites https://t.co/KNQASxNrCy
RT @JUNMYE00N: les crushs ca sert Ã  rien putain ca capte pas qu'on est sur eux ou si ca capte bah ca s'en bat les couilles enfaite c'est paâ€¦
@Nicoroldan2505 @nicosaez_16 @Piipo_HH T* a vos
@diggadugger Moin, Max! <3
@philipp_hh_ *Oahndre
@sportwiese OooooondrÃ©.
@bakirdaoud @safaa05 @LamineZellag @BillalTaleb @abdelkrimosta @mqasem @SO_Maghreb Ahhhh OK alors le mÃªme principeâ€¦ https://t.co/iBIrzW3yFB
RT @Louii_s: Vend support pour maintenir un tÃ©lÃ©phone mp si intÃ©ressÃ© https://t.co/48TQfdEdwE
@Clea_hh Asy objectif faire Ã§a avant la fin de lâ€™annÃ©e
RT @lowmlw: PTDDDDDR on dirait un sketch de dessin animÃ© ðŸ˜­ðŸ˜­ https://t.co/Z5hfPHcswg
#lemeilleurpatissier Jonathan mÃ©ritait mieux !
@kswquenquen fais Ã§a Ã  la kfet la prochaine fois https://t.co/ELGjjB6OKW
@lowmlw Twitter bug Ã§a me le fait aussi
@mickael_hh Je sais mdr
@HeeAhn Mais Mdrr
RT @Balazuc2: #UPV Happy Hour de fin d'annÃ©e  sur le marchÃ© de NoÃ«l de Toulon.ðŸŽ„Super ambiance ðŸ¥‚ðŸ¾âœ¨âœ¨Un grand merci Ã  tous les aficionados eâ€¦
#UPV Happy Hour de fin d'annÃ©e  sur le marchÃ© de NoÃ«l de Toulon.ðŸŽ„Super ambiance ðŸ¥‚ðŸ¾âœ¨âœ¨Un grand merci Ã  tous les afiâ€¦ https://t.co/Xny3iL4jjT
@1ace Aha mais hh (Je trouve aussi qu'ils font un peu verts mais les yeux verts c'est un vert qui tire vers le bleuâ€¦ https://t.co/2KilH9bk8Z
RT @HabibBuzzDay: En ce moment je commence Ã  rentrÃ© dans une dÃ©prime câ€™est un truc de ouf tout ce passe mal dans ma vie et sa joue sur moiâ€¦
RT @HabibBuzzDay: Tout offrir Ã  maman et papa câ€™est lâ€™objectif. Assurer un avenir Ã  sa femme et ces futurs enfants câ€™est lâ€™objectif. Rendreâ€¦
