Merci monsieur  .  Je t'aime pour toujours .  Des millions de pensées pour Laetitia ,  ses enfants ,  ses proches .  Heureu negative
Tellement heureuse de voir ce Tweet .  .  Que d'honneur pour tous ces artistes de reprendre toutes tes belles chans negative
Je comprends pas comment on peut être jalouse de ses copines moi dès qu’elles ont un truc bien qui leur arrive jsuis heureus negative
Je serais tellmnt heureuse si je reçois ça neutre
" Je souhaite que ma fille soit heureuse ,  ( ) sans frontières et sans limites imposées par le genre  " à propos de l’édu negative
Son identité heureuse nous emmerde . neutre
Quelques figurines Star Wars et j'ai fait de Paupau une femme heureuse negative
J’ai perdu papa ,  il me restait maman ,  j’ai perdu maman ,  il me restait Johnny ,  j’ai perdu Johnny ,  une importante page de mon positive
Mais arrête t’es juste de mauvaise foi !  Matuidi aurait mis un doublé avec son club en LDC t’aurais été heureuse aussi ! positive
Merci monsieur  .  Je t'aime pour toujours .  Des millions de pensées pour Laetitia ,  ses enfants ,  ses proches .  Heureu negative
On en rigolerait presque .  .  .  .  si ce n'était pas aussi pathétique  !  Le principal c'est qu'il y a une fi neutre
Merci monsieur  .  Je t'aime pour toujours .  Des millions de pensées pour Laetitia ,  ses enfants ,  ses proches .  Heureu negative
Ce que je retiens ,  c'est qu'Ed etait bégue et avait des grosses difficultés d'élocution quand il etait petit .  Et c'est grâ negative
J’ai perdu papa ,  il me restait maman ,  j’ai perdu maman ,  il me restait Johnny ,  j’ai perdu Johnny ,  une importante page de mon positive
J’ai perdu papa ,  il me restait maman ,  j’ai perdu maman ,  il me restait Johnny ,  j’ai perdu Johnny ,  une importante page de mon positive
" Je souhaite que ma fille soit heureuse ,  ( ) sans frontières et sans limites imposées par le genre  " à propos de l’édu negative
C'est mignon d'avoir une personne qui t'aime et qui a peur de te perdre et qui fait son possible pour que tu sois h negative
Très heureuse de rencontrer les enseignants ,  les formateurs et l’encadrement pédagogique de l’académie de Caen pour évoqu negative
J’ai perdu papa ,  il me restait maman ,  j’ai perdu maman ,  il me restait Johnny ,  j’ai perdu Johnny ,  une importante page de mon positive
Merci monsieur  .  Je t'aime pour toujours .  Des millions de pensées pour Laetitia ,  ses enfants ,  ses proches .  Heureu negative
